dl-debug7.dropbox.com,dropbox
dl-debug130.dropbox.com,dropbox
client.dropbox.com,dropbox
dl-debug82.dropbox.com,dropbox
dl-debug69.dropbox.com,dropbox
dl-debug32.dropbox.com,dropbox
dl-debug42.dropbox.com,dropbox
block.dropbox.com,dropbox
dl-debug104.dropbox.com,dropbox
client-lb.dropbox.com,dropbox
dl-debug86.dropbox.com,dropbox
dl-debug9.dropbox.com,dropbox
dl-debug89.dropbox.com,dropbox
dl-debug39.dropbox.com,dropbox
dl-debug113.dropbox.com,dropbox
dl-debug102.dropbox.com,dropbox
dl-debug61.dropbox.com,dropbox
dl-debug146.dropbox.com,dropbox
dl-debug26.dropbox.com,dropbox
dl-debug33.dropbox.com,dropbox
dl-debug41.dropbox.com,dropbox
dl-debug96.dropbox.com,dropbox
dl-debug22.dropbox.com,dropbox
dl-debug6.dropbox.com,dropbox
dl-debug50.dropbox.com,dropbox
dl-debug152.dropbox.com,dropbox
dl-debug85.dropbox.com,dropbox
dl-debug19.dropbox.com,dropbox
dl-debug240.dropbox.com,dropbox
dl-debug59.dropbox.com,dropbox
dl-debug117.dropbox.com,dropbox
notify1.dropbox.com,dropbox
dl-debug151.dropbox.com,dropbox
dl-debug35.dropbox.com,dropbox
dl-debug125.dropbox.com,dropbox
dl-debug11.dropbox.com,dropbox
dl-debug103.dropbox.com,dropbox
dl-debug114.dropbox.com,dropbox
dl-debug8.dropbox.com,dropbox
dl-debug47.dropbox.com,dropbox
dl-debug127.dropbox.com,dropbox
dl-debug186.dropbox.com,dropbox
d.dropbox.com,dropbox
dl-debug229.dropbox.com,dropbox
dl-debug58.dropbox.com,dropbox
dl-debug14.dropbox.com,dropbox
dl-debug75.dropbox.com,dropbox
client-cf.dropbox.com,dropbox
dl-debug64.dropbox.com,dropbox
dl-debug21.dropbox.com,dropbox
dl-debug24.dropbox.com,dropbox
dl-debug18.dropbox.com,dropbox
dl-debug95.dropbox.com,dropbox
dl-debug62.dropbox.com,dropbox
dl-debug88.dropbox.com,dropbox
tools.google.com,google
0.client-channel.google.com,google
clients3.google.com,google
www.googleapis.com,google
plus.google.com,google
stats.g.doubleclick.net,google
www.gstatic.com,google
www.google.co.il,google
lh6.googleusercontent.com,google
lh5.googleusercontent.com,google
accounts.google.com,google
csi.gstatic.com,google
www.google.com,google
safebrowsing-cache.google.com,google
clients5.google.com,google
lh3.googleusercontent.com,google
alt2-safebrowsing.google.com,google
drive.google.com,google
cm.g.doubleclick.net,google
safebrowsing.google.com,google
docs.google.com,google
lh4.googleusercontent.com,google
clients2.googleusercontent.com,google
alt1-safebrowsing.google.com,google
history.google.com,google
clients6.google.com,google
clients2.google.com,google
googleads.g.doubleclick.net,google
android.clients.google.com,google
www.google-analytics.com,google
clients4.google.com,google
DB5SCH101110621.wns.windows.com,microsoft
ieonlinews.microsoft.com,microsoft
DB5SCH101100944.wns.windows.com,microsoft
DB5SCH101101310.wns.windows.com,microsoft
DB5SCH101110541.wns.windows.com,microsoft
BN1WNS1011610.wns.windows.com,microsoft
blu405-m.hotmail.com,microsoft
wer.microsoft.com,microsoft
www.windowssearch.com,microsoft
DB5SCH101102009.wns.windows.com,microsoft
DB5SCH101110821.wns.windows.com,microsoft
go.microsoft.com,microsoft
client.wns.windows.com,microsoft
DB5SCH101101531.wns.windows.com,microsoft
telecommand.telemetry.microsoft.com,microsoft
ieonline.microsoft.com,microsoft
r20swj13mr.microsoft.com,microsoft
DB5SCH101101022.wns.windows.com,microsoft
spynet2.microsoft.com,microsoft
BN1WNS2011803.wns.windows.com,microsoft
DB5SCH101102032.wns.windows.com,microsoft
DB5SCH101101044.wns.windows.com,microsoft
sls.update.microsoft.com,microsoft
urs.microsoft.com,microsoft
DB5SCH101110510.wns.windows.com,microsoft
DB5SCH101110135.wns.windows.com,microsoft
wscont.apps.microsoft.com,microsoft
skydrivesync.policies.live.net,microsoft
spynetalt.microsoft.com,microsoft
fe2.ws.microsoft.com,microsoft
DB5SCH101110442.wns.windows.com,microsoft
rad.msn.com,microsoft
DB5SCH101101828.wns.windows.com,microsoft
DB5SCH101110744.wns.windows.com,microsoft
DB5SCH101110125.wns.windows.com,microsoft
settings-win.data.microsoft.com,microsoft
fe2.update.microsoft.com,microsoft
DB5SCH101101123.wns.windows.com,microsoft
watson.telemetry.microsoft.com,microsoft
vortex-win.data.microsoft.com,microsoft
DB5SCH101110345.wns.windows.com,microsoft
DB5SCH101101209.wns.windows.com,microsoft
db5.wns.windows.com,microsoft
sqm.telemetry.microsoft.com,microsoft
DB5SCH101110323.wns.windows.com,microsoft
iecvlist.microsoft.com,microsoft
snt406-m.hotmail.com,microsoft
DB5SCH101101031.wns.windows.com,microsoft
next-services.apps.microsoft.com,microsoft
DB5SCH101110142.wns.windows.com,microsoft
mail.services.live.com,microsoft
by3302.storage.live.com,microsoft
windows.policies.live.net,microsoft
g.msn.com,microsoft
download.teamviewer.com,teamviewer
client.teamviewer.com,teamviewer
analytics.twitter.com,twitter
upload.twitter.com,twitter
pbs.twimg.com,twitter
ton.twimg.com,twitter
amp.twimg.com,twitter
video.twimg.com,twitter
abs.twimg.com,twitter
o.twimg.com,twitter
syndication.twitter.com,twitter
twitter.com,twitter
abs-0.twimg.com,twitter
tiles.cdn.mozilla.net,unknown
r5---sn-cx1x9-ua8z.gvt1.com,unknown
tiles-cloudfront.cdn.mozilla.net,unknown
inference.location.live.net,unknown
api.live.net,unknown
mozorg.cdn.mozilla.net,unknown
vcfd1.giraffic.net,unknown
r4---sn-cx1x9-ua8z.gvt1.com,unknown
blu2.storage.live.com,unknown
data.getadblock.com,unknown
ping.getadblock.com,unknown
mtc.cdn.vine.co,unknown
madagascardomain.com,unknown
vmap.snappytv.com,unknown
snappytv-a.akamaihd.net,unknown
r3---sn-cx1x9-ua8l.gvt1.com,unknown
t.tellapart.com,unknown
r5---sn-cx1x9-ua8l.gvt1.com,unknown
ssl.gstatic.com,unknown
aus5.mozilla.org,unknown
r2---sn-cx1x9-ua8e.gvt1.com,unknown
vine.co,unknown
vcfd2.giraffic.net,unknown
update.virtualbox.org,unknown
tiles.services.mozilla.com,unknown
r6---sn-cx1x9-ua8l.gvt1.com,unknown
javadl-esd-secure.oracle.com,unknown
shavar.services.mozilla.com,unknown
r6---sn-cx1x9-ua8z.gvt1.com,unknown
adblockcdn.com,unknown
tracking-protection.cdn.mozilla.net,unknown
login.live.com,unknown
v.cdn.vine.co,unknown
r1---sn-cx1x9-ua8z.gvt1.com,unknown
aus4.mozilla.org,unknown
cdmdownload.adobe.com,unknown
redirector.gvt1.com,unknown
blu2.settings.live.net,unknown
easylist-downloads.adblockplus.org,unknown
stats.snappytv.com,unknown
by3302.settings.live.net,unknown
standards.ieee.org,unknown
gfe.nvidia.com,unknown
www.wireshark.org,wireshatk
